ptnum,in1_ptnum,name,parent_idx,child_indices,depth,child_count,is_leaf,P_x,P_y,P_z,pos_root_x,pos_root_y,pos_root_z,vec_parent_x,vec_parent_y,vec_parent_z,bone_len,scale_x,scale_y,scale_z,orient_0,orient_1,orient_2,orient_3,rotate_x,rotate_y,rotate_z,translate_x,translate_y,translate_z,localtransform_0,localtransform_1,localtransform_2,localtransform_3,localtransform_4,localtransform_5,localtransform_6,localtransform_7,localtransform_8,localtransform_9,localtransform_10,localtransform_11,localtransform_12,localtransform_13,localtransform_14,localtransform_15,localtransform_clean_0,localtransform_clean_1,localtransform_clean_2,localtransform_clean_3,localtransform_clean_4,localtransform_clean_5,localtransform_clean_6,localtransform_clean_7,localtransform_clean_8,localtransform_clean_9,localtransform_clean_10,localtransform_clean_11,localtransform_clean_12,localtransform_clean_13,localtransform_clean_14,localtransform_clean_15,transform_0,transform_1,transform_2,transform_3,transform_4,transform_5,transform_6,transform_7,transform_8
0,0,Head,2,,5,0,1,-7.629394360719743e-08,1.5224446058273315,-0.028950318694114685,0.0,0.5205248594284058,-0.0397534491494298,0.0,0.06636369228363037,0.023084349930286407,0.0702639798561133,0.0,0.0,0.0,0.0,0.0,0.0,1.0,0.0,0.0,0.0,0.0,0.0,0.0,1.0,0.0,0.0,0.0,0.0,1.0,-2.9103830456733704e-09,0.0,0.0,0.0,1.0,0.0,0.0,6.636369228363037,2.3084349632263184,1.0,1.0,0.0,0.0,0.0,0.0,1.0,-2.9103830456733704e-09,0.0,-0.0,2.9103830456733704e-09,1.0,0.0,0.0,6.636369228363037,2.3084349632263184,1.0,0.009999999776482582,-0.0,0.0,0.0,0.009999999776482582,0.0,0.0,5.551114999048691e-19,0.009999999776482582
1,16,Spine2,27,2|3|5,3,3,0,-7.629393650177008e-08,1.3198325634002686,-0.03318333998322487,7.105427357601002e-15,0.3179128170013428,-0.04398647043853998,7.105427357601002e-15,0.12110960483551025,-0.016756771132349968,0.12226334594716197,0.0,0.0,0.0,0.0,0.0,0.0,1.0,0.0,0.0,0.0,0.0,0.0,0.0,1.0,0.0,0.0,0.0,5.551115123125783e-15,0.9999998807907104,-1.2764203027870735e-08,0.0,6.938893903907228e-16,-2.7755575615628914e-17,1.0,0.0,7.105427357601002e-13,12.226333618164062,-1.8748539787338814e-06,1.0,1.0,0.0,0.0,0.0,0.0,1.0,-1.2764204549482492e-08,0.0,-0.0,1.2764204549482492e-08,1.0,0.0,7.105427357601002e-13,12.226333618164062,-1.8748539787338814e-06,1.0,0.009999999776482582,-0.0,0.0,5.551115123125783e-17,0.009905634447932243,-0.0013705459423363209,6.938893903907228e-18,0.001370545825920999,0.009905635379254818
2,1,Neck,1,0,4,1,0,-7.629394360719743e-08,1.4560809135437012,-0.05203466862440109,0.0,0.4541611671447754,-0.0628377990797162,-7.105427357601002e-15,0.13624835014343262,-0.018851328641176224,0.13754630314314176,0.0,0.0,0.0,0.0,0.0,0.0,1.0,0.0,0.0,0.0,0.0,0.0,0.0,1.0,0.0,0.0,0.0,-5.593833112238185e-15,0.9905635118484497,0.13705459237098694,0.0,7.346429909844344e-17,-0.13705457746982574,0.9905634522438049,0.0,-7.868963185046762e-13,13.754631042480469,2.530617848606198e-06,1.0,1.0,0.0,0.0,0.0,0.0,0.9905634958530727,0.13705459015786295,0.0,0.0,-0.13705459015786295,0.9905634958530727,0.0,-7.868963185046762e-13,13.754631042480469,2.530617848606198e-06,1.0,0.009999999776482582,-0.0,0.0,0.0,0.009999999776482582,2.9103830456733704e-11,0.0,5.551114999048691e-19,0.009999999776482582
3,3,LeftShoulder,1,4,4,1,0,0.06383045017719269,1.434172511100769,-0.05296698585152626,0.0638305264711363,0.43225276470184326,-0.06377011630684137,0.06383052647112919,0.11433994770050049,-0.01978364586830139,0.13243622009698505,0.0,0.0,0.0,0.0,0.0,0.0,1.0,0.0,0.0,0.0,0.0,0.0,0.0,-0.06378193944692612,0.0013201807159930468,-0.997963011264801,0.0,0.9400140643119812,-0.3357240557670593,-0.0605224072933197,0.0,-0.3351200819015503,-0.9419595003128052,0.020172150805592537,0.0,6.383052825927734,11.59724235534668,-0.39261412620544434,1.0,-0.06378193783549323,0.0013201806826390497,-0.9979629860515442,0.0,0.9400140425807215,-0.3357240482787939,-0.06052241864257853,0.0,-0.33512007423757645,-0.9419594580077549,0.020172141996773647,0.0,6.383052825927734,11.59724235534668,-0.39261412620544434,1.0,-0.0006378193502314389,-0.0013546767877414823,-0.009887266904115677,0.0094001404941082,-0.003408508375287056,-0.00013938768825028092,-0.0033512006048113108,-0.009303059428930283,0.0014908167067915201
4,4,LeftArm,3,12,5,1,0,0.18957772850990295,1.388576626777649,-0.0548316054046154,0.18957780480384656,0.38665688037872314,-0.06563473585993052,0.12574727833271027,-0.04559588432312012,-0.0018646195530891418,0.1337715944487813,0.0,0.0,0.0,0.0,0.0,0.0,1.0,0.0,0.0,0.0,0.0,0.0,0.0,0.9999731183052063,0.007333200424909592,2.688909894743574e-08,0.0,-0.007016610819846392,0.9568023681640625,-0.29065462946891785,0.0,-0.0021313969045877457,0.29064685106277466,0.9568281769752502,0.0,-3.5603077321866294e-06,13.377159118652344,-2.9125325454515405e-05,1.0,0.9999731117246279,0.007333200376651594,2.6889098770485162e-08,0.0,-0.007016603921275764,0.9568023116725051,-0.29065461229363293,0.0,-0.0021314542398990547,0.2906467969037093,0.9568280390709907,0.0,-3.5603077321866294e-06,13.377159118652344,-2.9125325454515405e-05,1.0,-0.0005688691744580865,-0.0013796358834952116,-0.009888023138046265,0.009972593747079372,-0.0005477863014675677,-0.0004973041359335184,-0.00047304248437285423,-0.009889214299619198,0.001407016534358263
5,2,RightShoulder,1,25,4,1,0,-0.06383068114519119,1.4341728687286377,-0.051102373749017715,-0.06383060485124759,0.4322531223297119,-0.06190550420433283,-0.06383060485125469,0.11434030532836914,-0.017919033765792847,0.13217088676921754,0.0,0.0,0.0,0.0,0.0,0.0,1.0,0.0,0.0,0.0,0.0,0.0,0.0,-0.034582432359457016,-0.0011195678962394595,0.9994011521339417,0.0,-0.9400140643119812,-0.3395448327064514,-0.032907839864492416,0.0,0.339378297328949,-0.940589427947998,0.010689825750887394,0.0,-6.383060455322266,11.571722030639648,-0.207907572388649,1.0,-0.03458243476385585,-0.0011195679740792054,0.9994012216189028,0.0,-0.9400140364821474,-0.3395448224630904,-0.032907822095186355,0.0,0.33937835290770046,-0.9405892090100013,0.010689877061804506,0.0,-6.383060455322266,11.571722030639648,-0.207907572388649,1.0,-0.00034582431544549763,0.0013586350250989199,0.009901237674057484,-0.0094001404941082,-0.0034085086081176996,0.00013938873598817736,0.003393783001229167,-0.00930248387157917,0.0013950105058029294
6,19,Hips,-1,7|8|26,0,3,0,-7.629394360719743e-08,1.0019197463989258,0.010803130455315113,0.0,0.0,0.0,0.0,0.0,0.0,0.0,0.0,0.0,0.0,0.0,0.0,0.0,1.0,0.0,0.0,0.0,0.0,0.0,0.0,0.009999999776482582,-0.0,-0.0,0.0,0.0,0.009999999776482582,-1.4551915228366852e-11,0.0,0.0,-0.0,0.009999999776482582,0.0,-7.629394360719743e-08,1.0019197463989258,0.010803130455315113,1.0,1.0,-0.0,-0.0,0.0,0.0,1.0,-1.4551915553627512e-09,0.0,0.0,1.4551915553627512e-09,1.0,0.0,-7.629394360719743e-08,1.0019197463989258,0.010803130455315113,1.0,0.009999999776482582,-0.0,-0.0,0.0,0.009999999776482582,-1.4551915228366852e-11,0.0,-0.0,0.009999999776482582
7,21,LeftUpLeg,6,9,1,1,0,0.08055955171585083,0.9514945149421692,0.003860806580632925,0.08055962800979444,-0.05042523145675659,-0.006942323874682188,0.08055962800979444,-0.05042523145675659,-0.006942323874682188,0.09529298763983063,0.0,0.0,0.0,0.0,0.0,0.0,1.0,0.0,0.0,0.0,0.0,0.0,0.0,-0.9992168545722961,-0.03950938209891319,-0.0022269804030656815,0.0,0.0395720936357975,-0.997633159160614,-0.056232452392578125,0.0,-4.649233220632709e-10,-0.05627653747797012,0.9984152317047119,0.0,8.055962562561035,-5.042523384094238,-0.6942324042320251,1.0,-0.9992167180908393,-0.0395093767023889,-0.0022269800988859345,0.0,0.03957208975745538,-0.9976331795209481,-0.056232453540205896,0.0,-4.696187319228051e-11,-0.05627653393300132,0.998415220100579,0.0,8.055962562561035,-5.042523384094238,-0.6942324042320251,1.0,-0.00999216828495264,-0.0003950938116759062,-2.2269803594099358e-05,0.0003957209119107574,-0.009976331144571304,-0.000562324479687959,-4.649233255327179e-12,-0.0005627653445117176,0.009984152391552925
8,20,RightUpLeg,6,17,1,1,0,-0.08055968582630157,0.9514945149421692,0.008275285363197327,-0.08055960953235797,-0.05042523145675659,-0.0025278450921177864,-0.08055960953235797,-0.05042523145675659,-0.0025278450921177864,0.09507336459957225,0.0,0.0,0.0,0.0,0.0,0.0,1.0,0.0,0.0,0.0,0.0,0.0,0.0,-0.9992173910140991,0.03947477787733078,0.002514366526156664,0.0,-0.03955477103590965,-0.9971965551376343,-0.06351695209741592,0.0,0.0,-0.06356669962406158,0.997977614402771,0.0,-8.055961608886719,-5.042523384094238,-0.25278452038764954,1.0,-0.9992174036879152,0.039474778378018695,0.0025143665580482414,0.0,-0.039554774265338995,-0.9971965786337986,-0.06351695359401631,0.0,6.274625480653939e-11,-0.06356670066200268,0.9979775922168531,0.0,-8.055961608886719,-5.042523384094238,-0.25278452038764954,1.0,-0.009992173872888088,0.0003947477671317756,2.5143664970528334e-05,-0.0003955477150157094,-0.009971965104341507,-0.0006351695046760142,0.0,-0.0006356669473461807,0.009979776106774807
9,23,LeftLeg,7,10,2,1,0,0.09796015173196793,0.5128158926963806,-0.02086568996310234,0.09796022802591153,-0.48910385370254517,-0.031668820418417454,0.017400600016117096,-0.4386786222457886,-0.024726496543735266,0.43971935837271425,0.0,0.0,0.0,0.0,0.0,0.0,1.0,0.0,0.0,0.0,0.0,0.0,0.0,0.9962108731269836,-0.08696974068880081,2.487580419430202e-10,0.0,0.0869671106338501,0.9961811304092407,-0.007750012446194887,0.0,0.0006740164826624095,0.007720652502030134,0.9999699592590332,0.0,1.5678102727179066e-06,43.97193908691406,1.0447377007949399e-07,1.0,0.996210953057024,-0.08696974766673597,2.4875806190188724e-10,0.0,0.0869671358112984,0.9961810350568873,-0.007750011726961476,0.0,0.0006740163165000207,0.007720646590353181,0.9999699682081618,0.0,1.5678102727179066e-06,43.97193908691406,1.0447377007949399e-07,1.0,-0.009988722391426563,0.0004740421718452126,2.6719795641838573e-05,-0.0004747803322970867,-0.009968231432139874,-0.0006394910742528737,-3.6796668609895278e-06,-0.0006400385173037648,0.009979495778679848
10,24,LeftFoot,9,11,3,1,0,0.07777389883995056,0.08899635076522827,-0.048054955899715424,0.07777397513389417,-0.9129233956336975,-0.05885808635503054,-0.020186252892017365,-0.42381954193115234,-0.027189265936613083,0.42517025426377625,0.0,0.0,0.0,0.0,0.0,0.0,1.0,0.0,0.0,0.0,0.0,0.0,0.0,0.9849672913551331,9.788045041148052e-09,0.17274045944213867,0.0,-0.15835843980312347,0.39947929978370667,0.9029610753059387,0.0,-0.06900622695684433,-0.9167421460151672,0.3934740722179413,0.0,5.752414153903374e-07,42.517024993896484,-8.123769248413737e-07,1.0,0.9849673744037695,9.788045866438192e-09,0.17274047400694678,0.0,-0.15835848578140235,0.39947933774818384,0.9029611556945814,0.0,-0.06900624132037726,-0.9167421986099868,0.3934741159804054,0.0,5.752414153903374e-07,42.517024993896484,-8.123769248413737e-07,1.0,-0.009839200414717197,0.00035635539097711444,0.0017501807305961847,0.0013888110406696796,-0.004635100718587637,0.0087514016777277,0.0011230873642489314,0.008853747509419918,0.004511077422648668
11,27,LeftToeBase,10,,4,0,1,0.10416117310523987,0.0009299451485276222,0.1182207316160202,0.10416124939918348,-1.0009898012503982,0.10741760116070509,0.026387274265289307,-0.08806640561670065,0.16627568751573563,0.18999890605008074,0.0,0.0,0.0,0.0,0.0,0.0,1.0,0.0,0.0,0.0,0.0,0.0,0.0,0.9909222722053528,2.3156106365718188e-08,0.13443729281425476,0.0,-0.06675809621810913,0.867994487285614,0.4920662045478821,0.0,-0.11669080704450607,-0.4965740144252777,0.8601148724555969,0.0,-1.3847612763129291e-06,18.99989128112793,8.575339052185882e-07,1.0,0.9909221061011343,2.3156102484155465e-08,0.13443727027908517,0.0,-0.06675807304935893,0.8679943904925099,0.4920661518091574,0.0,-0.11669078508103711,-0.4965740006016583,0.8601148310566651,0.0,-1.3847612763129291e-06,18.99989128112793,8.575339052185882e-07,1.0,-0.009598897770047188,0.0015433942899107933,0.002340750303119421,0.0024149599485099316,0.0003095983702223748,0.009699078276753426,0.0014244809281080961,0.009875327348709106,-0.0006699038203805685
12,9,LeftForeArm,4,13,6,1,0,0.4725659489631653,1.3730322122573853,-0.06894339621067047,0.4725660252571089,0.3711124658584595,-0.07974652666598558,0.28298822045326233,-0.015544414520263672,-0.014111790806055069,0.2837659323770841,0.0,0.0,0.0,0.0,0.0,0.0,1.0,0.0,0.0,0.0,0.0,0.0,0.0,0.9954630136489868,0.09514892101287842,-3.85414189452149e-08,0.0,-0.09497731178998947,0.993667721748352,-0.060031209141016006,0.0,-0.005711889360100031,0.05975889414548874,0.9981963634490967,0.0,9.147244099949603e-07,28.3765926361084,1.0593981642159633e-05,1.0,0.995463049130755,0.09514892440431728,-3.854142031896528e-08,0.0,-0.09497732568116696,0.9936677319169063,-0.06003120982926297,0.0,-0.005711866748578538,0.0597588548402073,0.9981965006182068,0.0,9.147244099949603e-07,28.3765926361084,1.0593981642159633e-05,1.0,0.0003825933672487736,-0.001425497350282967,-0.009890479035675526,0.009991871193051338,0.00018037803238257766,0.0003605178790166974,0.00012701121158897877,-0.0098962327465415,0.0014312397688627243
13,7,LeftHand,12,14,7,1,0,0.7801830768585205,1.3785853385925293,-0.05784423649311066,0.7801831531524641,0.3766655921936035,-0.06864736694842577,0.3076171278953552,0.005553126335144043,0.011099159717559814,0.3078673836786179,0.0,0.0,0.0,0.0,0.0,0.0,1.0,0.0,0.0,0.0,0.0,0.0,0.0,0.9999963045120239,0.002732394728809595,2.2607112626360504e-08,0.0,-0.0027264594100415707,0.9978193044662476,0.065948486328125,0.0,0.00018013897351920605,-0.0659482553601265,0.9978229403495789,0.0,2.7744945327867754e-06,30.786739349365234,1.2228808373038191e-05,1.0,0.9999962670028353,0.0027323946263193067,2.2607111778382916e-08,0.0,-0.002726447773290432,0.9978193041012126,0.06594848630189784,0.0,0.00018017473177265561,-0.06594824017802256,0.9978230289758239,0.0,2.7744945327867754e-06,30.786739349365234,1.2228808373038191e-05,1.0,0.0004098936915397644,-0.0014249994419515133,-0.009889457374811172,0.009977415204048157,-0.0004687703331001103,0.0004810857935808599,-0.0005321428179740906,-0.009886840358376503,0.0014025666750967503
14,10,LeftHandIndex1,13,15,8,1,0,0.9605778455734253,1.3701099157333374,-0.049146026372909546,0.9605779218673689,0.3681901693344116,-0.05994915682822466,0.18039476871490479,-0.008475422859191895,0.00869821012020111,0.1808031090209493,0.0,0.0,0.0,0.0,0.0,0.0,1.0,0.0,0.0,0.0,0.0,0.0,0.0,0.9997156262397766,0.023844292387366295,-8.650023808343121e-09,0.0,-0.023750020191073418,0.9957640767097473,0.08882417529821396,0.0,0.0021180124022066593,-0.08879895508289337,0.9960474371910095,0.0,-4.198072929284535e-06,18.080310821533203,-8.534778316970915e-06,1.0,0.9997156844095135,0.023844293774777054,-8.650024311655859e-09,0.0,-0.023750044159913896,0.9957641289226151,0.0888241800040261,0.0,0.0021179584557035995,-0.08879892569940032,0.9960473206864282,0.0,-4.198072929284535e-06,18.080310821533203,-8.534778316970915e-06,1.0,0.0006476815324276686,-0.0014357715845108032,-0.009875173680484295,0.009878149256110191,-0.0013111312873661518,0.0008385045803152025,-0.0014151553623378277,-0.009809154085814953,0.0013333570677787066
15,11,LeftHandIndex2,14,16,9,1,0,0.9823904633522034,1.367214560508728,-0.047294460237026215,0.982390539646147,0.36529481410980225,-0.05809759069234133,0.021812617778778076,-0.002895355224609375,0.0018515661358833313,0.02208170449479134,0.0,0.0,0.0,0.0,0.0,0.0,1.0,0.0,0.0,0.0,0.0,0.0,0.0,1.0,-1.5263579289381823e-09,-1.1419357015540754e-08,0.0,6.032004229439281e-09,1.0000001192092896,-1.3179659141826505e-08,0.0,-1.3371664664418859e-08,-1.2210864319683878e-08,0.9999998807907104,0.0,1.5791382566021639e-06,2.2081706523895264,1.5436420653713867e-05,1.0,1.0,-1.5263579289381823e-09,-1.1419357015540754e-08,0.0,1.5263577784349676e-09,1.0,-1.3179657519237312e-08,0.0,1.141935703565763e-08,1.3179657501807288e-08,1.0,0.0,1.5791382566021639e-06,2.2081706523895264,1.5436420653713867e-05,1.0,0.0006476815324276686,-0.0014357714680954814,-0.009875173680484295,0.009878150187432766,-0.0013111312873661518,0.0008385045803152025,-0.0014151553623378277,-0.009809153154492378,0.0013333570677787066
16,13,LeftHandIndex3,15,,10,0,1,1.0168907642364502,1.3605304956436157,-0.04597309231758118,1.0168908405303938,0.35861074924468994,-0.05677622277289629,0.034500300884246826,-0.006684064865112305,0.0013213679194450378,0.0351666532016217,0.0,0.0,0.0,0.0,0.0,0.0,1.0,0.0,0.0,0.0,0.0,0.0,0.0,1.0,-9.973321724032758e-09,1.3066816073603604e-08,0.0,-1.955352990634651e-09,0.9999998807907104,9.841848447322832e-10,0.0,-5.464213526096273e-09,9.297358616322526e-08,1.0,0.0,0.18893255293369293,3.5067079067230225,0.18503600358963013,1.0,1.0,-9.973321724032758e-09,1.3066816073603604e-08,0.0,9.973321711172596e-09,1.0,9.84185117926075e-10,0.0,-1.3066816083419199e-08,-9.841849876065145e-10,1.0,0.0,0.18893255293369293,3.5067079067230225,0.18503600358963013,1.0,0.0006476814160123467,-0.0014357715845108032,-0.009875173680484295,0.009878149256110191,-0.00131113117095083,0.0008385045221075416,-0.001415154431015253,-0.009809153154492378,0.0013333571841940284
17,22,RightLeg,8,18,2,1,0,-0.09796030074357986,0.5128159523010254,-0.019666573032736778,-0.09796022444963626,-0.4891037940979004,-0.03046970348805189,-0.01740061491727829,-0.4386785626411438,-0.027941858395934105,0.43991182090393727,0.0,0.0,0.0,0.0,0.0,0.0,1.0,0.0,0.0,0.0,0.0,0.0,0.0,0.9962077140808105,0.08700722455978394,2.984911762204945e-10,0.0,-0.08699286729097366,0.9960433840751648,0.018167885020375252,0.0,0.001580735668540001,-0.018098972737789154,0.9998348951339722,0.0,2.17353758102945e-07,43.99118423461914,8.476688861946968e-08,1.0,0.9962076808474671,0.08700722165723566,2.9849116626287255e-10,0.0,-0.08699286115534728,0.9960432571659324,0.018167882713367466,0.0,0.00158073670097451,-0.01809898432975919,0.9998349503981713,0.0,2.17353758102945e-07,43.99118423461914,8.476688861946968e-08,1.0,-0.009988696314394474,-0.0004743822501040995,-3.0216020604711957e-05,0.000475265143904835,-0.00997839868068695,-0.0004535322659648955,-8.63597870193189e-06,-0.00045445567229762673,0.0099896639585495
18,25,RightFoot,17,19,3,1,0,-0.07777400314807892,0.08899592608213425,-0.038929786533117294,-0.07777392685413531,-0.9129238203167915,-0.04973291698843241,0.020186297595500946,-0.42382002621889114,-0.019263213500380516,0.4247375338125381,0.0,0.0,0.0,0.0,0.0,0.0,1.0,0.0,0.0,0.0,0.0,0.0,0.0,0.9822109341621399,-3.0051366950445413e-10,-0.18778114020824432,0.0,0.16812843084335327,0.44537806510925293,0.8794152736663818,0.0,0.08363359421491623,-0.8953425884246826,0.4374552071094513,0.0,-3.9683979480287235e-07,42.473751068115234,3.2677033345862583e-07,1.0,0.9822108969336113,-3.0051365811414954e-10,-0.1877811330908164,0.0,0.1681284491609941,0.4453780620592979,0.8794152639220126,0.0,0.08363359688301061,-0.8953426058422017,0.43745518586034154,0.0,-3.9683979480287235e-07,42.473751068115234,3.2677033345862583e-07,1.0,-0.009809385053813457,-0.0003806052263826132,-0.0019055489683523774,-0.001475305762141943,-0.004923572298139334,0.008577989414334297,-0.001264693564735353,0.00869560707360506,0.004773570224642754
19,26,RightToeBase,18,,4,0,1,-0.10416141152381897,0.0009326632134616375,0.11449658125638962,-0.10416133522987536,-1.0009870831854641,0.1036934508010745,-0.02638740837574005,-0.08806326286867261,0.1534263677895069,0.17886051526523694,0.0,0.0,0.0,0.0,0.0,0.0,1.0,0.0,0.0,0.0,0.0,0.0,0.0,0.9943313598632812,1.0534745520374145e-08,-0.10632594674825668,0.0,0.05571349710226059,0.8517259359359741,0.5210174322128296,0.0,0.09056055545806885,-0.5239877104759216,0.8468976616859436,0.0,1.169220922747627e-06,17.886051177978516,9.415514909960621e-07,1.0,0.9943313299540562,1.0534745203491779e-08,-0.10632594355000025,0.0,0.05571347626622466,0.8517258386795246,0.5210173742669173,0.0,0.09056055893230104,-0.5239876866164511,0.8468976853435185,0.0,1.169220922747627e-06,17.886051177978516,9.415514909960621e-07,1.0,-0.009619309566915035,-0.0013030164409428835,-0.002402301412075758,-0.002461998723447323,0.00031582367955707014,0.009687044657766819,-0.0011863673571497202,0.009909712709486485,-0.0006246029515750706
20,8,RightForeArm,25,21,6,1,0,-0.472566157579422,1.3730322122573853,-0.06740103662014008,-0.4725660812854784,0.3711124658584595,-0.07820416707545519,-0.2829882353544235,-0.015544295310974121,-0.0181632898747921,0.2839962527302096,0.0,0.0,0.0,0.0,0.0,0.0,1.0,0.0,0.0,0.0,0.0,0.0,0.0,0.9943425059318542,-0.10622166842222214,-1.8258197176379554e-09,0.0,0.10603103786706924,0.9925576448440552,-0.05988806113600731,0.0,0.006361405365169048,0.05954928696155548,0.9982051849365234,0.0,9.407673360328772e-07,28.399621963500977,-6.263012437557336e-07,1.0,0.994342475134463,-0.10622166513225892,-1.8258196610875377e-09,0.0,0.10603100764455468,0.9925577287868522,-0.0598880659511225,0.0,0.006361411899110187,0.05954924753526161,0.9982050989434156,0.0,9.407673360328772e-07,28.399621963500977,-6.263012437557336e-07,1.0,0.0003595826565288007,0.0012792994966730475,0.009911310859024525,-0.00999261625111103,0.00018039171118289232,0.0003392484213691205,-0.00013539218343794346,-0.009916191920638084,0.001284841331653297
21,6,RightHand,20,22,7,1,0,-0.7801832556724548,1.3785855770111084,-0.056957487016916275,-0.7801831793785112,0.3766658306121826,-0.06776061747223139,-0.30761709809303284,0.0055533647537231445,0.0104435496032238,0.30784441951671215,0.0,0.0,0.0,0.0,0.0,0.0,1.0,0.0,0.0,0.0,0.0,0.0,0.0,0.9999995231628418,-0.0010647174203768373,-1.9018342456433857e-09,0.0,0.0010571748716756701,0.9929112792015076,0.11885255575180054,0.0,-0.00012651699944399297,-0.11885249614715576,0.9929119348526001,0.0,-9.27945450257539e-07,30.784440994262695,-1.0897597348957788e-05,1.0,0.9999994331883487,-0.0010647173245793813,-1.901834074526732e-09,0.0,0.0010571707421153658,0.9929113506990714,0.1188525643096004,0.0,-0.00012654249593847683,-0.11885249694459271,0.9929119134933533,0.0,-9.27945450257539e-07,30.784440994262695,-1.0897597348957788e-05,1.0,0.0003702217945829034,0.001279106829315424,0.0099109448492527,-0.00993749313056469,-0.000998099334537983,0.0005000282544642687,0.0010531693696975708,-0.00986750703305006,0.001234159804880619
22,12,RightHandIndex1,21,23,8,1,0,-0.9563897848129272,1.3608877658843994,-0.04809122905135155,-0.9563897085189836,0.35896801948547363,-0.05889435950666666,-0.1762065291404724,-0.017697811126708984,0.008866257965564728,0.1773148723619109,0.0,0.0,0.0,0.0,0.0,0.0,1.0,0.0,0.0,0.0,0.0,0.0,0.0,0.9999716877937317,-0.007517171557992697,5.5954156863435855e-09,0.0,0.007515996694564819,0.9998153448104858,0.017690522596240044,0.0,-0.00013300293358042836,-0.017690112814307213,0.9998434782028198,0.0,1.009935772344761e-06,17.731487274169922,2.719070380408084e-06,1.0,0.99997174566346,-0.00751717199302169,5.595416010157939e-09,0.0,0.007515995535454491,0.9998152605727321,0.017690521105684986,0.0,-0.00013298828417993046,-0.017690021229692977,0.9998435104870208,0.0,1.009935772344761e-06,17.731487274169922,2.719070380408084e-06,1.0,0.0004449131665751338,0.00128657347522676,0.009906905703246593,-0.009914244525134563,-0.0011628626380115747,0.0005962594877928495,0.0012287506833672523,-0.009848476387560368,0.0012238029157742858
23,14,RightHandIndex2,22,24,9,1,0,-0.9796501398086548,1.3581594228744507,-0.04669231176376343,-0.9796500635147112,0.3562396764755249,-0.05749544221907854,-0.02326035499572754,-0.0027283430099487305,0.0013989172875881195,0.023461563027315894,0.0,0.0,0.0,0.0,0.0,0.0,1.0,0.0,0.0,0.0,0.0,0.0,0.0,1.0,-1.1541697375605509e-08,1.4304533113573825e-09,0.0,0.0,1.0,1.214306433183765e-17,0.0,1.9371727333350464e-08,8.219770819550831e-08,0.9999998807907104,0.0,-1.1115556617369293e-06,2.346156120300293,8.563463779864833e-06,1.0,1.0,-1.1541697375605509e-08,1.4304533113573825e-09,0.0,1.1541697375605512e-08,1.0,2.865292356145737e-17,0.0,-1.4304533113573825e-09,-1.2143064331837647e-17,1.0,0.0,-1.1115556617369293e-06,2.346156120300293,8.563463779864833e-06,1.0,0.00044491328299045563,0.00128657347522676,0.009906905703246593,-0.009914244525134563,-0.0011628626380115747,0.0005962594877928495,0.0012287497520446777,-0.009848475456237793,0.0012238030321896076
24,15,RightHandIndex3,23,,10,0,1,-1.015774130821228,1.3517149686813354,-0.04607069492340088,-1.0157740545272844,0.34979522228240967,-0.05687382537871599,-0.03612399101257324,-0.006444454193115234,0.0006216168403625488,0.0366995929680406,0.0,0.0,0.0,0.0,0.0,0.0,1.0,0.0,0.0,0.0,0.0,0.0,0.0,1.0,2.3083394751211017e-08,-2.86090684475937e-09,0.0,-1.4977687978756649e-09,1.0,1.1465135507648938e-08,0.0,-1.9371729109707303e-08,-8.219772240636303e-08,1.0000001192092896,0.0,-0.18205004930496216,3.660066604614258,0.19841432571411133,1.0,0.9999999999999998,2.308339475121101e-08,-2.860906844759369e-09,0.0,-2.3083394718410328e-08,0.9999999999999998,1.1465135569403407e-08,0.0,2.8609071094136186e-09,-1.1465135503363962e-08,1.0,0.0,-0.18205004930496216,3.660066604614258,0.19841432571411133,1.0,0.000444913050159812,0.00128657347522676,0.009906905703246593,-0.009914244525134563,-0.0011628627544268966,0.0005962594877928495,0.0012287506833672523,-0.009848476387560368,0.0012238029157742858
25,5,RightArm,5,20,5,1,0,-0.18957792222499847,1.3885765075683594,-0.04923774674534798,-0.18957784593105487,0.3866567611694336,-0.06004087720066309,-0.12574724107980728,-0.04559636116027832,0.0018646270036697388,0.13377172206451005,0.0,0.0,0.0,0.0,0.0,0.0,1.0,0.0,0.0,0.0,0.0,0.0,0.0,0.9992774724960327,0.03800643980503082,1.647636871382474e-08,0.0,-0.03630117326974869,0.9544423818588257,-0.29617932438850403,0.0,-0.011256720870733261,0.2959652245044708,0.955132246017456,0.0,-2.309052661075839e-06,13.377172470092773,1.6311571016558446e-05,1.0,0.9992774942279635,0.03800644063158135,1.6476369072146944e-08,0.0,-0.03630117651206832,0.9544422729321137,-0.2961792906737748,0.0,-0.011256736353039847,0.29596529882859385,0.9551323613908073,0.0,-2.309052661075839e-06,13.377172470092773,1.6311571016558446e-05,1.0,-0.0007028402760624886,0.0012281079543754458,0.009899381548166275,-0.009964507073163986,-0.0005473418859764934,-0.0006395612726919353,0.00046328967437148094,-0.009909195825457573,0.0012622182257473469
26,18,Spine,6,27,1,1,0,-7.629394360719743e-08,1.0927519798278809,-0.0017644219333305955,0.0,0.09083223342895508,-0.012567552388645709,0.0,0.09083223342895508,-0.012567552388645709,0.09169753542344275,0.0,0.0,0.0,0.0,0.0,0.0,1.0,0.0,0.0,0.0,0.0,0.0,0.0,1.0,0.0,0.0,0.0,0.0,0.9905635714530945,-0.13705453276634216,0.0,0.0,0.13705453276634216,0.9905635714530945,0.0,0.0,9.083223342895508,-1.2567552328109741,1.0,1.0,0.0,0.0,0.0,0.0,0.9905635050646835,-0.1370545235808311,0.0,-0.0,0.13705452358083112,0.9905635050646837,0.0,0.0,9.083223342895508,-1.2567552328109741,1.0,0.009999999776482582,-0.0,0.0,0.0,0.009905635379254818,-0.0013705453602597117,0.0,0.0013705453602597117,0.009905635379254818
27,17,Spine1,26,1,2,1,0,-7.629394360719743e-08,1.1987229585647583,-0.0164265688508749,0.0,0.19680321216583252,-0.027229699306190014,0.0,0.10597097873687744,-0.014662146917544305,0.10698049769319352,0.0,0.0,0.0,0.0,0.0,0.0,1.0,0.0,0.0,0.0,0.0,0.0,0.0,1.0,0.0,0.0,0.0,0.0,1.0,-5.765838295701542e-08,0.0,0.0,4.612670778669781e-08,1.0,0.0,0.0,10.698049545288086,1.5198774008240434e-06,1.0,1.0,0.0,0.0,0.0,0.0,0.9999999999999984,-5.765838295701533e-08,0.0,-0.0,5.765838295701533e-08,0.9999999999999984,0.0,0.0,10.698049545288086,1.5198774008240434e-06,1.0,0.009999999776482582,-0.0,0.0,0.0,0.009905635379254818,-0.0013705459423363209,0.0,0.001370545825920999,0.009905635379254818
